"Kod";"Nazwa";"Wyszczególnienie";"Rok";"Wartosc";"Jednostka miary";"Atrybut";
0200000;"DOLNOŚLĄSKIE";"studenci kobiety";"2019";65793;"osoba";"";
0200000;"DOLNOŚLĄSKIE";"studenci kobiety";"2020";65739;"osoba";"";
0200000;"DOLNOŚLĄSKIE";"studenci kobiety";"2021";65681;"osoba";"";
0200000;"DOLNOŚLĄSKIE";"studenci kobiety";"2022";64977;"osoba";"";
0200000;"DOLNOŚLĄSKIE";"studenci kobiety";"2023";65496;"osoba";"";
0200000;"DOLNOŚLĄSKIE";"studenci kobiety";"2024";71041;"osoba";"";
0200000;"DOLNOŚLĄSKIE";"studenci mężczyźni";"2019";51715;"osoba";"";
0200000;"DOLNOŚLĄSKIE";"studenci mężczyźni";"2020";51379;"osoba";"";
0200000;"DOLNOŚLĄSKIE";"studenci mężczyźni";"2021";50661;"osoba";"";
0200000;"DOLNOŚLĄSKIE";"studenci mężczyźni";"2022";50074;"osoba";"";
0200000;"DOLNOŚLĄSKIE";"studenci mężczyźni";"2023";50319;"osoba";"";
0200000;"DOLNOŚLĄSKIE";"studenci mężczyźni";"2024";53914;"osoba";"";
0400000;"KUJAWSKO-POMORSKIE";"studenci kobiety";"2019";33101;"osoba";"";
0400000;"KUJAWSKO-POMORSKIE";"studenci kobiety";"2020";33362;"osoba";"";
0400000;"KUJAWSKO-POMORSKIE";"studenci kobiety";"2021";33844;"osoba";"";
0400000;"KUJAWSKO-POMORSKIE";"studenci kobiety";"2022";35193;"osoba";"";
0400000;"KUJAWSKO-POMORSKIE";"studenci kobiety";"2023";35843;"osoba";"";
0400000;"KUJAWSKO-POMORSKIE";"studenci kobiety";"2024";35905;"osoba";"";
0400000;"KUJAWSKO-POMORSKIE";"studenci mężczyźni";"2019";21003;"osoba";"";
0400000;"KUJAWSKO-POMORSKIE";"studenci mężczyźni";"2020";20872;"osoba";"";
0400000;"KUJAWSKO-POMORSKIE";"studenci mężczyźni";"2021";20292;"osoba";"";
0400000;"KUJAWSKO-POMORSKIE";"studenci mężczyźni";"2022";20859;"osoba";"";
0400000;"KUJAWSKO-POMORSKIE";"studenci mężczyźni";"2023";20557;"osoba";"";
0400000;"KUJAWSKO-POMORSKIE";"studenci mężczyźni";"2024";20772;"osoba";"";
0600000;"LUBELSKIE";"studenci kobiety";"2019";40788;"osoba";"";
0600000;"LUBELSKIE";"studenci kobiety";"2020";40953;"osoba";"";
0600000;"LUBELSKIE";"studenci kobiety";"2021";40493;"osoba";"";
0600000;"LUBELSKIE";"studenci kobiety";"2022";39484;"osoba";"";
0600000;"LUBELSKIE";"studenci kobiety";"2023";39012;"osoba";"";
0600000;"LUBELSKIE";"studenci kobiety";"2024";39772;"osoba";"";
0600000;"LUBELSKIE";"studenci mężczyźni";"2019";27762;"osoba";"";
0600000;"LUBELSKIE";"studenci mężczyźni";"2020";27681;"osoba";"";
0600000;"LUBELSKIE";"studenci mężczyźni";"2021";26841;"osoba";"";
0600000;"LUBELSKIE";"studenci mężczyźni";"2022";26714;"osoba";"";
0600000;"LUBELSKIE";"studenci mężczyźni";"2023";26428;"osoba";"";
0600000;"LUBELSKIE";"studenci mężczyźni";"2024";27415;"osoba";"";
0800000;"LUBUSKIE";"studenci kobiety";"2019";6730;"osoba";"";
0800000;"LUBUSKIE";"studenci kobiety";"2020";6806;"osoba";"";
0800000;"LUBUSKIE";"studenci kobiety";"2021";6806;"osoba";"";
0800000;"LUBUSKIE";"studenci kobiety";"2022";6668;"osoba";"";
0800000;"LUBUSKIE";"studenci kobiety";"2023";6430;"osoba";"";
0800000;"LUBUSKIE";"studenci kobiety";"2024";6917;"osoba";"";
0800000;"LUBUSKIE";"studenci mężczyźni";"2019";5870;"osoba";"";
0800000;"LUBUSKIE";"studenci mężczyźni";"2020";5703;"osoba";"";
0800000;"LUBUSKIE";"studenci mężczyźni";"2021";5478;"osoba";"";
0800000;"LUBUSKIE";"studenci mężczyźni";"2022";5198;"osoba";"";
0800000;"LUBUSKIE";"studenci mężczyźni";"2023";5136;"osoba";"";
0800000;"LUBUSKIE";"studenci mężczyźni";"2024";5430;"osoba";"";
1000000;"ŁÓDZKIE";"studenci kobiety";"2019";41228;"osoba";"";
1000000;"ŁÓDZKIE";"studenci kobiety";"2020";42328;"osoba";"";
1000000;"ŁÓDZKIE";"studenci kobiety";"2021";43105;"osoba";"";
1000000;"ŁÓDZKIE";"studenci kobiety";"2022";41311;"osoba";"";
1000000;"ŁÓDZKIE";"studenci kobiety";"2023";42065;"osoba";"";
1000000;"ŁÓDZKIE";"studenci kobiety";"2024";41297;"osoba";"";
1000000;"ŁÓDZKIE";"studenci mężczyźni";"2019";28200;"osoba";"";
1000000;"ŁÓDZKIE";"studenci mężczyźni";"2020";28021;"osoba";"";
1000000;"ŁÓDZKIE";"studenci mężczyźni";"2021";27933;"osoba";"";
1000000;"ŁÓDZKIE";"studenci mężczyźni";"2022";27950;"osoba";"";
1000000;"ŁÓDZKIE";"studenci mężczyźni";"2023";27756;"osoba";"";
1000000;"ŁÓDZKIE";"studenci mężczyźni";"2024";27544;"osoba";"";
1200000;"MAŁOPOLSKIE";"studenci kobiety";"2019";84794;"osoba";"";
1200000;"MAŁOPOLSKIE";"studenci kobiety";"2020";85768;"osoba";"";
1200000;"MAŁOPOLSKIE";"studenci kobiety";"2021";86510;"osoba";"";
1200000;"MAŁOPOLSKIE";"studenci kobiety";"2022";87142;"osoba";"";
1200000;"MAŁOPOLSKIE";"studenci kobiety";"2023";89681;"osoba";"";
1200000;"MAŁOPOLSKIE";"studenci kobiety";"2024";91948;"osoba";"";
1200000;"MAŁOPOLSKIE";"studenci mężczyźni";"2019";60402;"osoba";"";
1200000;"MAŁOPOLSKIE";"studenci mężczyźni";"2020";60796;"osoba";"";
1200000;"MAŁOPOLSKIE";"studenci mężczyźni";"2021";60746;"osoba";"";
1200000;"MAŁOPOLSKIE";"studenci mężczyźni";"2022";60698;"osoba";"";
1200000;"MAŁOPOLSKIE";"studenci mężczyźni";"2023";62283;"osoba";"";
1200000;"MAŁOPOLSKIE";"studenci mężczyźni";"2024";64739;"osoba";"";
1400000;"MAZOWIECKIE";"studenci kobiety";"2019";134624;"osoba";"";
1400000;"MAZOWIECKIE";"studenci kobiety";"2020";138958;"osoba";"";
1400000;"MAZOWIECKIE";"studenci kobiety";"2021";142434;"osoba";"";
1400000;"MAZOWIECKIE";"studenci kobiety";"2022";148086;"osoba";"";
1400000;"MAZOWIECKIE";"studenci kobiety";"2023";161815;"osoba";"";
1400000;"MAZOWIECKIE";"studenci kobiety";"2024";160522;"osoba";"";
1400000;"MAZOWIECKIE";"studenci mężczyźni";"2019";110245;"osoba";"";
1400000;"MAZOWIECKIE";"studenci mężczyźni";"2020";111059;"osoba";"";
1400000;"MAZOWIECKIE";"studenci mężczyźni";"2021";112220;"osoba";"";
1400000;"MAZOWIECKIE";"studenci mężczyźni";"2022";116938;"osoba";"";
1400000;"MAZOWIECKIE";"studenci mężczyźni";"2023";121137;"osoba";"";
1400000;"MAZOWIECKIE";"studenci mężczyźni";"2024";123595;"osoba";"";
1600000;"OPOLSKIE";"studenci kobiety";"2019";12227;"osoba";"";
1600000;"OPOLSKIE";"studenci kobiety";"2020";12320;"osoba";"";
1600000;"OPOLSKIE";"studenci kobiety";"2021";12340;"osoba";"";
1600000;"OPOLSKIE";"studenci kobiety";"2022";11954;"osoba";"";
1600000;"OPOLSKIE";"studenci kobiety";"2023";12018;"osoba";"";
1600000;"OPOLSKIE";"studenci kobiety";"2024";12584;"osoba";"";
1600000;"OPOLSKIE";"studenci mężczyźni";"2019";9017;"osoba";"";
1600000;"OPOLSKIE";"studenci mężczyźni";"2020";9008;"osoba";"";
1600000;"OPOLSKIE";"studenci mężczyźni";"2021";8676;"osoba";"";
1600000;"OPOLSKIE";"studenci mężczyźni";"2022";9588;"osoba";"";
1600000;"OPOLSKIE";"studenci mężczyźni";"2023";8899;"osoba";"";
1600000;"OPOLSKIE";"studenci mężczyźni";"2024";9068;"osoba";"";
1800000;"PODKARPACKIE";"studenci kobiety";"2019";25868;"osoba";"";
1800000;"PODKARPACKIE";"studenci kobiety";"2020";26162;"osoba";"";
1800000;"PODKARPACKIE";"studenci kobiety";"2021";26323;"osoba";"";
1800000;"PODKARPACKIE";"studenci kobiety";"2022";25576;"osoba";"";
1800000;"PODKARPACKIE";"studenci kobiety";"2023";25501;"osoba";"";
1800000;"PODKARPACKIE";"studenci kobiety";"2024";26124;"osoba";"";
1800000;"PODKARPACKIE";"studenci mężczyźni";"2019";20131;"osoba";"";
1800000;"PODKARPACKIE";"studenci mężczyźni";"2020";19642;"osoba";"";
1800000;"PODKARPACKIE";"studenci mężczyźni";"2021";19056;"osoba";"";
1800000;"PODKARPACKIE";"studenci mężczyźni";"2022";18853;"osoba";"";
1800000;"PODKARPACKIE";"studenci mężczyźni";"2023";18867;"osoba";"";
1800000;"PODKARPACKIE";"studenci mężczyźni";"2024";19510;"osoba";"";
2000000;"PODLASKIE";"studenci kobiety";"2019";17111;"osoba";"";
2000000;"PODLASKIE";"studenci kobiety";"2020";16870;"osoba";"";
2000000;"PODLASKIE";"studenci kobiety";"2021";17426;"osoba";"";
2000000;"PODLASKIE";"studenci kobiety";"2022";17300;"osoba";"";
2000000;"PODLASKIE";"studenci kobiety";"2023";17352;"osoba";"";
2000000;"PODLASKIE";"studenci kobiety";"2024";18006;"osoba";"";
2000000;"PODLASKIE";"studenci mężczyźni";"2019";11777;"osoba";"";
2000000;"PODLASKIE";"studenci mężczyźni";"2020";11493;"osoba";"";
2000000;"PODLASKIE";"studenci mężczyźni";"2021";11430;"osoba";"";
2000000;"PODLASKIE";"studenci mężczyźni";"2022";11319;"osoba";"";
2000000;"PODLASKIE";"studenci mężczyźni";"2023";11179;"osoba";"";
2000000;"PODLASKIE";"studenci mężczyźni";"2024";11615;"osoba";"";
2200000;"POMORSKIE";"studenci kobiety";"2019";48699;"osoba";"";
2200000;"POMORSKIE";"studenci kobiety";"2020";50727;"osoba";"";
2200000;"POMORSKIE";"studenci kobiety";"2021";51705;"osoba";"";
2200000;"POMORSKIE";"studenci kobiety";"2022";52865;"osoba";"";
2200000;"POMORSKIE";"studenci kobiety";"2023";54173;"osoba";"";
2200000;"POMORSKIE";"studenci kobiety";"2024";56219;"osoba";"";
2200000;"POMORSKIE";"studenci mężczyźni";"2019";34329;"osoba";"";
2200000;"POMORSKIE";"studenci mężczyźni";"2020";35512;"osoba";"";
2200000;"POMORSKIE";"studenci mężczyźni";"2021";35210;"osoba";"";
2200000;"POMORSKIE";"studenci mężczyźni";"2022";36450;"osoba";"";
2200000;"POMORSKIE";"studenci mężczyźni";"2023";37072;"osoba";"";
2200000;"POMORSKIE";"studenci mężczyźni";"2024";38848;"osoba";"";
2400000;"ŚLĄSKIE";"studenci kobiety";"2019";65358;"osoba";"";
2400000;"ŚLĄSKIE";"studenci kobiety";"2020";66450;"osoba";"";
2400000;"ŚLĄSKIE";"studenci kobiety";"2021";67946;"osoba";"";
2400000;"ŚLĄSKIE";"studenci kobiety";"2022";67655;"osoba";"";
2400000;"ŚLĄSKIE";"studenci kobiety";"2023";67377;"osoba";"";
2400000;"ŚLĄSKIE";"studenci kobiety";"2024";69790;"osoba";"";
2400000;"ŚLĄSKIE";"studenci mężczyźni";"2019";47338;"osoba";"";
2400000;"ŚLĄSKIE";"studenci mężczyźni";"2020";47899;"osoba";"";
2400000;"ŚLĄSKIE";"studenci mężczyźni";"2021";47755;"osoba";"";
2400000;"ŚLĄSKIE";"studenci mężczyźni";"2022";48255;"osoba";"";
2400000;"ŚLĄSKIE";"studenci mężczyźni";"2023";48467;"osoba";"";
2400000;"ŚLĄSKIE";"studenci mężczyźni";"2024";51312;"osoba";"";
2600000;"ŚWIĘTOKRZYSKIE";"studenci kobiety";"2019";12257;"osoba";"";
2600000;"ŚWIĘTOKRZYSKIE";"studenci kobiety";"2020";12082;"osoba";"";
2600000;"ŚWIĘTOKRZYSKIE";"studenci kobiety";"2021";12373;"osoba";"";
2600000;"ŚWIĘTOKRZYSKIE";"studenci kobiety";"2022";11885;"osoba";"";
2600000;"ŚWIĘTOKRZYSKIE";"studenci kobiety";"2023";11181;"osoba";"";
2600000;"ŚWIĘTOKRZYSKIE";"studenci kobiety";"2024";12007;"osoba";"";
2600000;"ŚWIĘTOKRZYSKIE";"studenci mężczyźni";"2019";7898;"osoba";"";
2600000;"ŚWIĘTOKRZYSKIE";"studenci mężczyźni";"2020";7522;"osoba";"";
2600000;"ŚWIĘTOKRZYSKIE";"studenci mężczyźni";"2021";7386;"osoba";"";
2600000;"ŚWIĘTOKRZYSKIE";"studenci mężczyźni";"2022";7350;"osoba";"";
2600000;"ŚWIĘTOKRZYSKIE";"studenci mężczyźni";"2023";7043;"osoba";"";
2600000;"ŚWIĘTOKRZYSKIE";"studenci mężczyźni";"2024";7226;"osoba";"";
2800000;"WARMIŃSKO-MAZURSKIE";"studenci kobiety";"2019";14810;"osoba";"";
2800000;"WARMIŃSKO-MAZURSKIE";"studenci kobiety";"2020";14235;"osoba";"";
2800000;"WARMIŃSKO-MAZURSKIE";"studenci kobiety";"2021";13952;"osoba";"";
2800000;"WARMIŃSKO-MAZURSKIE";"studenci kobiety";"2022";13375;"osoba";"";
2800000;"WARMIŃSKO-MAZURSKIE";"studenci kobiety";"2023";13214;"osoba";"";
2800000;"WARMIŃSKO-MAZURSKIE";"studenci kobiety";"2024";13604;"osoba";"";
2800000;"WARMIŃSKO-MAZURSKIE";"studenci mężczyźni";"2019";11007;"osoba";"";
2800000;"WARMIŃSKO-MAZURSKIE";"studenci mężczyźni";"2020";10333;"osoba";"";
2800000;"WARMIŃSKO-MAZURSKIE";"studenci mężczyźni";"2021";9781;"osoba";"";
2800000;"WARMIŃSKO-MAZURSKIE";"studenci mężczyźni";"2022";9279;"osoba";"";
2800000;"WARMIŃSKO-MAZURSKIE";"studenci mężczyźni";"2023";9222;"osoba";"";
2800000;"WARMIŃSKO-MAZURSKIE";"studenci mężczyźni";"2024";9697;"osoba";"";
3000000;"WIELKOPOLSKIE";"studenci kobiety";"2019";68473;"osoba";"";
3000000;"WIELKOPOLSKIE";"studenci kobiety";"2020";70394;"osoba";"";
3000000;"WIELKOPOLSKIE";"studenci kobiety";"2021";68815;"osoba";"";
3000000;"WIELKOPOLSKIE";"studenci kobiety";"2022";67288;"osoba";"";
3000000;"WIELKOPOLSKIE";"studenci kobiety";"2023";65712;"osoba";"";
3000000;"WIELKOPOLSKIE";"studenci kobiety";"2024";66460;"osoba";"";
3000000;"WIELKOPOLSKIE";"studenci mężczyźni";"2019";46383;"osoba";"";
3000000;"WIELKOPOLSKIE";"studenci mężczyźni";"2020";47664;"osoba";"";
3000000;"WIELKOPOLSKIE";"studenci mężczyźni";"2021";46566;"osoba";"";
3000000;"WIELKOPOLSKIE";"studenci mężczyźni";"2022";46545;"osoba";"";
3000000;"WIELKOPOLSKIE";"studenci mężczyźni";"2023";45810;"osoba";"";
3000000;"WIELKOPOLSKIE";"studenci mężczyźni";"2024";46420;"osoba";"";
3200000;"ZACHODNIOPOMORSKIE";"studenci kobiety";"2019";21234;"osoba";"";
3200000;"ZACHODNIOPOMORSKIE";"studenci kobiety";"2020";21232;"osoba";"";
3200000;"ZACHODNIOPOMORSKIE";"studenci kobiety";"2021";20825;"osoba";"";
3200000;"ZACHODNIOPOMORSKIE";"studenci kobiety";"2022";20024;"osoba";"";
3200000;"ZACHODNIOPOMORSKIE";"studenci kobiety";"2023";20441;"osoba";"";
3200000;"ZACHODNIOPOMORSKIE";"studenci kobiety";"2024";21246;"osoba";"";
3200000;"ZACHODNIOPOMORSKIE";"studenci mężczyźni";"2019";16410;"osoba";"";
3200000;"ZACHODNIOPOMORSKIE";"studenci mężczyźni";"2020";16167;"osoba";"";
3200000;"ZACHODNIOPOMORSKIE";"studenci mężczyźni";"2021";15429;"osoba";"";
3200000;"ZACHODNIOPOMORSKIE";"studenci mężczyźni";"2022";15085;"osoba";"";
3200000;"ZACHODNIOPOMORSKIE";"studenci mężczyźni";"2023";15435;"osoba";"";
3200000;"ZACHODNIOPOMORSKIE";"studenci mężczyźni";"2024";15965;"osoba";"";
