"Kod";"Nazwa";"Stypendia";"Typy instytucji";"Rok";"Wartosc";"Jednostka miary";"Atrybut";
0200000;"DOLNOŚLĄSKIE";"stypendium socjalne";"uczelnie ogółem";"2019";6124;"osoba";"";
0200000;"DOLNOŚLĄSKIE";"stypendium socjalne";"uczelnie ogółem";"2020";4666;"osoba";"";
0200000;"DOLNOŚLĄSKIE";"stypendium socjalne";"uczelnie ogółem";"2021";3773;"osoba";"";
0200000;"DOLNOŚLĄSKIE";"stypendium socjalne";"uczelnie ogółem";"2022";3078;"osoba";"";
0200000;"DOLNOŚLĄSKIE";"stypendium socjalne";"uczelnie ogółem";"2023";2809;"osoba";"";
0200000;"DOLNOŚLĄSKIE";"stypendium socjalne";"uczelnie ogółem";"2024";2807;"osoba";"";
0200000;"DOLNOŚLĄSKIE";"stypendium rektora";"uczelnie ogółem";"2019";9311;"osoba";"";
0200000;"DOLNOŚLĄSKIE";"stypendium rektora";"uczelnie ogółem";"2020";9011;"osoba";"";
0200000;"DOLNOŚLĄSKIE";"stypendium rektora";"uczelnie ogółem";"2021";8718;"osoba";"";
0200000;"DOLNOŚLĄSKIE";"stypendium rektora";"uczelnie ogółem";"2022";8206;"osoba";"";
0200000;"DOLNOŚLĄSKIE";"stypendium rektora";"uczelnie ogółem";"2023";8299;"osoba";"";
0200000;"DOLNOŚLĄSKIE";"stypendium rektora";"uczelnie ogółem";"2024";8173;"osoba";"";
0200000;"DOLNOŚLĄSKIE";"stypendium dla osób z niepełnosprawnościami";"uczelnie ogółem";"2019";;"osoba";"";
0200000;"DOLNOŚLĄSKIE";"stypendium dla osób z niepełnosprawnościami";"uczelnie ogółem";"2020";;"osoba";"";
0200000;"DOLNOŚLĄSKIE";"stypendium dla osób z niepełnosprawnościami";"uczelnie ogółem";"2021";;"osoba";"";
0200000;"DOLNOŚLĄSKIE";"stypendium dla osób z niepełnosprawnościami";"uczelnie ogółem";"2022";;"osoba";"";
0200000;"DOLNOŚLĄSKIE";"stypendium dla osób z niepełnosprawnościami";"uczelnie ogółem";"2023";1473;"osoba";"";
0200000;"DOLNOŚLĄSKIE";"stypendium dla osób z niepełnosprawnościami";"uczelnie ogółem";"2024";1578;"osoba";"";
0400000;"KUJAWSKO-POMORSKIE";"stypendium socjalne";"uczelnie ogółem";"2019";5704;"osoba";"";
0400000;"KUJAWSKO-POMORSKIE";"stypendium socjalne";"uczelnie ogółem";"2020";4300;"osoba";"";
0400000;"KUJAWSKO-POMORSKIE";"stypendium socjalne";"uczelnie ogółem";"2021";3341;"osoba";"";
0400000;"KUJAWSKO-POMORSKIE";"stypendium socjalne";"uczelnie ogółem";"2022";2803;"osoba";"";
0400000;"KUJAWSKO-POMORSKIE";"stypendium socjalne";"uczelnie ogółem";"2023";2677;"osoba";"";
0400000;"KUJAWSKO-POMORSKIE";"stypendium socjalne";"uczelnie ogółem";"2024";2672;"osoba";"";
0400000;"KUJAWSKO-POMORSKIE";"stypendium rektora";"uczelnie ogółem";"2019";4575;"osoba";"";
0400000;"KUJAWSKO-POMORSKIE";"stypendium rektora";"uczelnie ogółem";"2020";4403;"osoba";"";
0400000;"KUJAWSKO-POMORSKIE";"stypendium rektora";"uczelnie ogółem";"2021";4501;"osoba";"";
0400000;"KUJAWSKO-POMORSKIE";"stypendium rektora";"uczelnie ogółem";"2022";4706;"osoba";"";
0400000;"KUJAWSKO-POMORSKIE";"stypendium rektora";"uczelnie ogółem";"2023";4743;"osoba";"";
0400000;"KUJAWSKO-POMORSKIE";"stypendium rektora";"uczelnie ogółem";"2024";4767;"osoba";"";
0400000;"KUJAWSKO-POMORSKIE";"stypendium dla osób z niepełnosprawnościami";"uczelnie ogółem";"2019";;"osoba";"";
0400000;"KUJAWSKO-POMORSKIE";"stypendium dla osób z niepełnosprawnościami";"uczelnie ogółem";"2020";;"osoba";"";
0400000;"KUJAWSKO-POMORSKIE";"stypendium dla osób z niepełnosprawnościami";"uczelnie ogółem";"2021";;"osoba";"";
0400000;"KUJAWSKO-POMORSKIE";"stypendium dla osób z niepełnosprawnościami";"uczelnie ogółem";"2022";;"osoba";"";
0400000;"KUJAWSKO-POMORSKIE";"stypendium dla osób z niepełnosprawnościami";"uczelnie ogółem";"2023";1077;"osoba";"";
0400000;"KUJAWSKO-POMORSKIE";"stypendium dla osób z niepełnosprawnościami";"uczelnie ogółem";"2024";1188;"osoba";"";
0600000;"LUBELSKIE";"stypendium socjalne";"uczelnie ogółem";"2019";12385;"osoba";"";
0600000;"LUBELSKIE";"stypendium socjalne";"uczelnie ogółem";"2020";9880;"osoba";"";
0600000;"LUBELSKIE";"stypendium socjalne";"uczelnie ogółem";"2021";8231;"osoba";"";
0600000;"LUBELSKIE";"stypendium socjalne";"uczelnie ogółem";"2022";6906;"osoba";"";
0600000;"LUBELSKIE";"stypendium socjalne";"uczelnie ogółem";"2023";6245;"osoba";"";
0600000;"LUBELSKIE";"stypendium socjalne";"uczelnie ogółem";"2024";6415;"osoba";"";
0600000;"LUBELSKIE";"stypendium rektora";"uczelnie ogółem";"2019";5817;"osoba";"";
0600000;"LUBELSKIE";"stypendium rektora";"uczelnie ogółem";"2020";5831;"osoba";"";
0600000;"LUBELSKIE";"stypendium rektora";"uczelnie ogółem";"2021";5938;"osoba";"";
0600000;"LUBELSKIE";"stypendium rektora";"uczelnie ogółem";"2022";5804;"osoba";"";
0600000;"LUBELSKIE";"stypendium rektora";"uczelnie ogółem";"2023";5977;"osoba";"";
0600000;"LUBELSKIE";"stypendium rektora";"uczelnie ogółem";"2024";5739;"osoba";"";
0600000;"LUBELSKIE";"stypendium dla osób z niepełnosprawnościami";"uczelnie ogółem";"2019";;"osoba";"";
0600000;"LUBELSKIE";"stypendium dla osób z niepełnosprawnościami";"uczelnie ogółem";"2020";;"osoba";"";
0600000;"LUBELSKIE";"stypendium dla osób z niepełnosprawnościami";"uczelnie ogółem";"2021";;"osoba";"";
0600000;"LUBELSKIE";"stypendium dla osób z niepełnosprawnościami";"uczelnie ogółem";"2022";;"osoba";"";
0600000;"LUBELSKIE";"stypendium dla osób z niepełnosprawnościami";"uczelnie ogółem";"2023";1001;"osoba";"";
0600000;"LUBELSKIE";"stypendium dla osób z niepełnosprawnościami";"uczelnie ogółem";"2024";1080;"osoba";"";
0800000;"LUBUSKIE";"stypendium socjalne";"uczelnie ogółem";"2019";921;"osoba";"";
0800000;"LUBUSKIE";"stypendium socjalne";"uczelnie ogółem";"2020";647;"osoba";"";
0800000;"LUBUSKIE";"stypendium socjalne";"uczelnie ogółem";"2021";450;"osoba";"";
0800000;"LUBUSKIE";"stypendium socjalne";"uczelnie ogółem";"2022";413;"osoba";"";
0800000;"LUBUSKIE";"stypendium socjalne";"uczelnie ogółem";"2023";400;"osoba";"";
0800000;"LUBUSKIE";"stypendium socjalne";"uczelnie ogółem";"2024";382;"osoba";"";
0800000;"LUBUSKIE";"stypendium rektora";"uczelnie ogółem";"2019";809;"osoba";"";
0800000;"LUBUSKIE";"stypendium rektora";"uczelnie ogółem";"2020";801;"osoba";"";
0800000;"LUBUSKIE";"stypendium rektora";"uczelnie ogółem";"2021";797;"osoba";"";
0800000;"LUBUSKIE";"stypendium rektora";"uczelnie ogółem";"2022";778;"osoba";"";
0800000;"LUBUSKIE";"stypendium rektora";"uczelnie ogółem";"2023";724;"osoba";"";
0800000;"LUBUSKIE";"stypendium rektora";"uczelnie ogółem";"2024";763;"osoba";"";
0800000;"LUBUSKIE";"stypendium dla osób z niepełnosprawnościami";"uczelnie ogółem";"2019";;"osoba";"";
0800000;"LUBUSKIE";"stypendium dla osób z niepełnosprawnościami";"uczelnie ogółem";"2020";;"osoba";"";
0800000;"LUBUSKIE";"stypendium dla osób z niepełnosprawnościami";"uczelnie ogółem";"2021";;"osoba";"";
0800000;"LUBUSKIE";"stypendium dla osób z niepełnosprawnościami";"uczelnie ogółem";"2022";;"osoba";"";
0800000;"LUBUSKIE";"stypendium dla osób z niepełnosprawnościami";"uczelnie ogółem";"2023";303;"osoba";"";
0800000;"LUBUSKIE";"stypendium dla osób z niepełnosprawnościami";"uczelnie ogółem";"2024";348;"osoba";"";
1000000;"ŁÓDZKIE";"stypendium socjalne";"uczelnie ogółem";"2019";5186;"osoba";"";
1000000;"ŁÓDZKIE";"stypendium socjalne";"uczelnie ogółem";"2020";4155;"osoba";"";
1000000;"ŁÓDZKIE";"stypendium socjalne";"uczelnie ogółem";"2021";3658;"osoba";"";
1000000;"ŁÓDZKIE";"stypendium socjalne";"uczelnie ogółem";"2022";3074;"osoba";"";
1000000;"ŁÓDZKIE";"stypendium socjalne";"uczelnie ogółem";"2023";2868;"osoba";"";
1000000;"ŁÓDZKIE";"stypendium socjalne";"uczelnie ogółem";"2024";2691;"osoba";"";
1000000;"ŁÓDZKIE";"stypendium rektora";"uczelnie ogółem";"2019";5630;"osoba";"";
1000000;"ŁÓDZKIE";"stypendium rektora";"uczelnie ogółem";"2020";5684;"osoba";"";
1000000;"ŁÓDZKIE";"stypendium rektora";"uczelnie ogółem";"2021";5758;"osoba";"";
1000000;"ŁÓDZKIE";"stypendium rektora";"uczelnie ogółem";"2022";5643;"osoba";"";
1000000;"ŁÓDZKIE";"stypendium rektora";"uczelnie ogółem";"2023";6089;"osoba";"";
1000000;"ŁÓDZKIE";"stypendium rektora";"uczelnie ogółem";"2024";5685;"osoba";"";
1000000;"ŁÓDZKIE";"stypendium dla osób z niepełnosprawnościami";"uczelnie ogółem";"2019";;"osoba";"";
1000000;"ŁÓDZKIE";"stypendium dla osób z niepełnosprawnościami";"uczelnie ogółem";"2020";;"osoba";"";
1000000;"ŁÓDZKIE";"stypendium dla osób z niepełnosprawnościami";"uczelnie ogółem";"2021";;"osoba";"";
1000000;"ŁÓDZKIE";"stypendium dla osób z niepełnosprawnościami";"uczelnie ogółem";"2022";;"osoba";"";
1000000;"ŁÓDZKIE";"stypendium dla osób z niepełnosprawnościami";"uczelnie ogółem";"2023";1123;"osoba";"";
1000000;"ŁÓDZKIE";"stypendium dla osób z niepełnosprawnościami";"uczelnie ogółem";"2024";1209;"osoba";"";
1200000;"MAŁOPOLSKIE";"stypendium socjalne";"uczelnie ogółem";"2019";13710;"osoba";"";
1200000;"MAŁOPOLSKIE";"stypendium socjalne";"uczelnie ogółem";"2020";10981;"osoba";"";
1200000;"MAŁOPOLSKIE";"stypendium socjalne";"uczelnie ogółem";"2021";9526;"osoba";"";
1200000;"MAŁOPOLSKIE";"stypendium socjalne";"uczelnie ogółem";"2022";8086;"osoba";"";
1200000;"MAŁOPOLSKIE";"stypendium socjalne";"uczelnie ogółem";"2023";8084;"osoba";"";
1200000;"MAŁOPOLSKIE";"stypendium socjalne";"uczelnie ogółem";"2024";8351;"osoba";"";
1200000;"MAŁOPOLSKIE";"stypendium rektora";"uczelnie ogółem";"2019";11329;"osoba";"";
1200000;"MAŁOPOLSKIE";"stypendium rektora";"uczelnie ogółem";"2020";10855;"osoba";"";
1200000;"MAŁOPOLSKIE";"stypendium rektora";"uczelnie ogółem";"2021";11604;"osoba";"";
1200000;"MAŁOPOLSKIE";"stypendium rektora";"uczelnie ogółem";"2022";11206;"osoba";"";
1200000;"MAŁOPOLSKIE";"stypendium rektora";"uczelnie ogółem";"2023";11486;"osoba";"";
1200000;"MAŁOPOLSKIE";"stypendium rektora";"uczelnie ogółem";"2024";12024;"osoba";"";
1200000;"MAŁOPOLSKIE";"stypendium dla osób z niepełnosprawnościami";"uczelnie ogółem";"2019";;"osoba";"";
1200000;"MAŁOPOLSKIE";"stypendium dla osób z niepełnosprawnościami";"uczelnie ogółem";"2020";;"osoba";"";
1200000;"MAŁOPOLSKIE";"stypendium dla osób z niepełnosprawnościami";"uczelnie ogółem";"2021";;"osoba";"";
1200000;"MAŁOPOLSKIE";"stypendium dla osób z niepełnosprawnościami";"uczelnie ogółem";"2022";;"osoba";"";
1200000;"MAŁOPOLSKIE";"stypendium dla osób z niepełnosprawnościami";"uczelnie ogółem";"2023";1888;"osoba";"";
1200000;"MAŁOPOLSKIE";"stypendium dla osób z niepełnosprawnościami";"uczelnie ogółem";"2024";2144;"osoba";"";
1400000;"MAZOWIECKIE";"stypendium socjalne";"uczelnie ogółem";"2019";15575;"osoba";"";
1400000;"MAZOWIECKIE";"stypendium socjalne";"uczelnie ogółem";"2020";11921;"osoba";"";
1400000;"MAZOWIECKIE";"stypendium socjalne";"uczelnie ogółem";"2021";9655;"osoba";"";
1400000;"MAZOWIECKIE";"stypendium socjalne";"uczelnie ogółem";"2022";8371;"osoba";"";
1400000;"MAZOWIECKIE";"stypendium socjalne";"uczelnie ogółem";"2023";7761;"osoba";"";
1400000;"MAZOWIECKIE";"stypendium socjalne";"uczelnie ogółem";"2024";7448;"osoba";"";
1400000;"MAZOWIECKIE";"stypendium rektora";"uczelnie ogółem";"2019";15909;"osoba";"";
1400000;"MAZOWIECKIE";"stypendium rektora";"uczelnie ogółem";"2020";16937;"osoba";"";
1400000;"MAZOWIECKIE";"stypendium rektora";"uczelnie ogółem";"2021";18554;"osoba";"";
1400000;"MAZOWIECKIE";"stypendium rektora";"uczelnie ogółem";"2022";17805;"osoba";"";
1400000;"MAZOWIECKIE";"stypendium rektora";"uczelnie ogółem";"2023";17113;"osoba";"";
1400000;"MAZOWIECKIE";"stypendium rektora";"uczelnie ogółem";"2024";15725;"osoba";"";
1400000;"MAZOWIECKIE";"stypendium dla osób z niepełnosprawnościami";"uczelnie ogółem";"2019";;"osoba";"";
1400000;"MAZOWIECKIE";"stypendium dla osób z niepełnosprawnościami";"uczelnie ogółem";"2020";;"osoba";"";
1400000;"MAZOWIECKIE";"stypendium dla osób z niepełnosprawnościami";"uczelnie ogółem";"2021";;"osoba";"";
1400000;"MAZOWIECKIE";"stypendium dla osób z niepełnosprawnościami";"uczelnie ogółem";"2022";;"osoba";"";
1400000;"MAZOWIECKIE";"stypendium dla osób z niepełnosprawnościami";"uczelnie ogółem";"2023";3406;"osoba";"";
1400000;"MAZOWIECKIE";"stypendium dla osób z niepełnosprawnościami";"uczelnie ogółem";"2024";3601;"osoba";"";
1600000;"OPOLSKIE";"stypendium socjalne";"uczelnie ogółem";"2019";1512;"osoba";"";
1600000;"OPOLSKIE";"stypendium socjalne";"uczelnie ogółem";"2020";968;"osoba";"";
1600000;"OPOLSKIE";"stypendium socjalne";"uczelnie ogółem";"2021";800;"osoba";"";
1600000;"OPOLSKIE";"stypendium socjalne";"uczelnie ogółem";"2022";648;"osoba";"";
1600000;"OPOLSKIE";"stypendium socjalne";"uczelnie ogółem";"2023";582;"osoba";"";
1600000;"OPOLSKIE";"stypendium socjalne";"uczelnie ogółem";"2024";637;"osoba";"";
1600000;"OPOLSKIE";"stypendium rektora";"uczelnie ogółem";"2019";1631;"osoba";"";
1600000;"OPOLSKIE";"stypendium rektora";"uczelnie ogółem";"2020";1656;"osoba";"";
1600000;"OPOLSKIE";"stypendium rektora";"uczelnie ogółem";"2021";1479;"osoba";"";
1600000;"OPOLSKIE";"stypendium rektora";"uczelnie ogółem";"2022";1445;"osoba";"";
1600000;"OPOLSKIE";"stypendium rektora";"uczelnie ogółem";"2023";1461;"osoba";"";
1600000;"OPOLSKIE";"stypendium rektora";"uczelnie ogółem";"2024";1454;"osoba";"";
1600000;"OPOLSKIE";"stypendium dla osób z niepełnosprawnościami";"uczelnie ogółem";"2019";;"osoba";"";
1600000;"OPOLSKIE";"stypendium dla osób z niepełnosprawnościami";"uczelnie ogółem";"2020";;"osoba";"";
1600000;"OPOLSKIE";"stypendium dla osób z niepełnosprawnościami";"uczelnie ogółem";"2021";;"osoba";"";
1600000;"OPOLSKIE";"stypendium dla osób z niepełnosprawnościami";"uczelnie ogółem";"2022";;"osoba";"";
1600000;"OPOLSKIE";"stypendium dla osób z niepełnosprawnościami";"uczelnie ogółem";"2023";249;"osoba";"";
1600000;"OPOLSKIE";"stypendium dla osób z niepełnosprawnościami";"uczelnie ogółem";"2024";291;"osoba";"";
1800000;"PODKARPACKIE";"stypendium socjalne";"uczelnie ogółem";"2019";8403;"osoba";"";
1800000;"PODKARPACKIE";"stypendium socjalne";"uczelnie ogółem";"2020";7327;"osoba";"";
1800000;"PODKARPACKIE";"stypendium socjalne";"uczelnie ogółem";"2021";6124;"osoba";"";
1800000;"PODKARPACKIE";"stypendium socjalne";"uczelnie ogółem";"2022";5039;"osoba";"";
1800000;"PODKARPACKIE";"stypendium socjalne";"uczelnie ogółem";"2023";5124;"osoba";"";
1800000;"PODKARPACKIE";"stypendium socjalne";"uczelnie ogółem";"2024";5204;"osoba";"";
1800000;"PODKARPACKIE";"stypendium rektora";"uczelnie ogółem";"2019";4305;"osoba";"";
1800000;"PODKARPACKIE";"stypendium rektora";"uczelnie ogółem";"2020";4341;"osoba";"";
1800000;"PODKARPACKIE";"stypendium rektora";"uczelnie ogółem";"2021";4264;"osoba";"";
1800000;"PODKARPACKIE";"stypendium rektora";"uczelnie ogółem";"2022";4070;"osoba";"";
1800000;"PODKARPACKIE";"stypendium rektora";"uczelnie ogółem";"2023";3989;"osoba";"";
1800000;"PODKARPACKIE";"stypendium rektora";"uczelnie ogółem";"2024";4122;"osoba";"";
1800000;"PODKARPACKIE";"stypendium dla osób z niepełnosprawnościami";"uczelnie ogółem";"2019";;"osoba";"";
1800000;"PODKARPACKIE";"stypendium dla osób z niepełnosprawnościami";"uczelnie ogółem";"2020";;"osoba";"";
1800000;"PODKARPACKIE";"stypendium dla osób z niepełnosprawnościami";"uczelnie ogółem";"2021";;"osoba";"";
1800000;"PODKARPACKIE";"stypendium dla osób z niepełnosprawnościami";"uczelnie ogółem";"2022";;"osoba";"";
1800000;"PODKARPACKIE";"stypendium dla osób z niepełnosprawnościami";"uczelnie ogółem";"2023";1028;"osoba";"";
1800000;"PODKARPACKIE";"stypendium dla osób z niepełnosprawnościami";"uczelnie ogółem";"2024";1150;"osoba";"";
2000000;"PODLASKIE";"stypendium socjalne";"uczelnie ogółem";"2019";4891;"osoba";"";
2000000;"PODLASKIE";"stypendium socjalne";"uczelnie ogółem";"2020";3889;"osoba";"";
2000000;"PODLASKIE";"stypendium socjalne";"uczelnie ogółem";"2021";3401;"osoba";"";
2000000;"PODLASKIE";"stypendium socjalne";"uczelnie ogółem";"2022";2983;"osoba";"";
2000000;"PODLASKIE";"stypendium socjalne";"uczelnie ogółem";"2023";2638;"osoba";"";
2000000;"PODLASKIE";"stypendium socjalne";"uczelnie ogółem";"2024";2624;"osoba";"";
2000000;"PODLASKIE";"stypendium rektora";"uczelnie ogółem";"2019";2478;"osoba";"";
2000000;"PODLASKIE";"stypendium rektora";"uczelnie ogółem";"2020";2476;"osoba";"";
2000000;"PODLASKIE";"stypendium rektora";"uczelnie ogółem";"2021";2558;"osoba";"";
2000000;"PODLASKIE";"stypendium rektora";"uczelnie ogółem";"2022";2509;"osoba";"";
2000000;"PODLASKIE";"stypendium rektora";"uczelnie ogółem";"2023";2456;"osoba";"";
2000000;"PODLASKIE";"stypendium rektora";"uczelnie ogółem";"2024";2585;"osoba";"";
2000000;"PODLASKIE";"stypendium dla osób z niepełnosprawnościami";"uczelnie ogółem";"2019";;"osoba";"";
2000000;"PODLASKIE";"stypendium dla osób z niepełnosprawnościami";"uczelnie ogółem";"2020";;"osoba";"";
2000000;"PODLASKIE";"stypendium dla osób z niepełnosprawnościami";"uczelnie ogółem";"2021";;"osoba";"";
2000000;"PODLASKIE";"stypendium dla osób z niepełnosprawnościami";"uczelnie ogółem";"2022";;"osoba";"";
2000000;"PODLASKIE";"stypendium dla osób z niepełnosprawnościami";"uczelnie ogółem";"2023";474;"osoba";"";
2000000;"PODLASKIE";"stypendium dla osób z niepełnosprawnościami";"uczelnie ogółem";"2024";567;"osoba";"";
2200000;"POMORSKIE";"stypendium socjalne";"uczelnie ogółem";"2019";4877;"osoba";"";
2200000;"POMORSKIE";"stypendium socjalne";"uczelnie ogółem";"2020";4038;"osoba";"";
2200000;"POMORSKIE";"stypendium socjalne";"uczelnie ogółem";"2021";3594;"osoba";"";
2200000;"POMORSKIE";"stypendium socjalne";"uczelnie ogółem";"2022";2958;"osoba";"";
2200000;"POMORSKIE";"stypendium socjalne";"uczelnie ogółem";"2023";2873;"osoba";"";
2200000;"POMORSKIE";"stypendium socjalne";"uczelnie ogółem";"2024";2853;"osoba";"";
2200000;"POMORSKIE";"stypendium rektora";"uczelnie ogółem";"2019";6319;"osoba";"";
2200000;"POMORSKIE";"stypendium rektora";"uczelnie ogółem";"2020";6888;"osoba";"";
2200000;"POMORSKIE";"stypendium rektora";"uczelnie ogółem";"2021";7265;"osoba";"";
2200000;"POMORSKIE";"stypendium rektora";"uczelnie ogółem";"2022";6695;"osoba";"";
2200000;"POMORSKIE";"stypendium rektora";"uczelnie ogółem";"2023";7044;"osoba";"";
2200000;"POMORSKIE";"stypendium rektora";"uczelnie ogółem";"2024";6955;"osoba";"";
2200000;"POMORSKIE";"stypendium dla osób z niepełnosprawnościami";"uczelnie ogółem";"2019";;"osoba";"";
2200000;"POMORSKIE";"stypendium dla osób z niepełnosprawnościami";"uczelnie ogółem";"2020";;"osoba";"";
2200000;"POMORSKIE";"stypendium dla osób z niepełnosprawnościami";"uczelnie ogółem";"2021";;"osoba";"";
2200000;"POMORSKIE";"stypendium dla osób z niepełnosprawnościami";"uczelnie ogółem";"2022";;"osoba";"";
2200000;"POMORSKIE";"stypendium dla osób z niepełnosprawnościami";"uczelnie ogółem";"2023";1878;"osoba";"";
2200000;"POMORSKIE";"stypendium dla osób z niepełnosprawnościami";"uczelnie ogółem";"2024";2098;"osoba";"";
2400000;"ŚLĄSKIE";"stypendium socjalne";"uczelnie ogółem";"2019";5454;"osoba";"";
2400000;"ŚLĄSKIE";"stypendium socjalne";"uczelnie ogółem";"2020";4091;"osoba";"";
2400000;"ŚLĄSKIE";"stypendium socjalne";"uczelnie ogółem";"2021";3510;"osoba";"";
2400000;"ŚLĄSKIE";"stypendium socjalne";"uczelnie ogółem";"2022";3033;"osoba";"";
2400000;"ŚLĄSKIE";"stypendium socjalne";"uczelnie ogółem";"2023";2916;"osoba";"";
2400000;"ŚLĄSKIE";"stypendium socjalne";"uczelnie ogółem";"2024";2938;"osoba";"";
2400000;"ŚLĄSKIE";"stypendium rektora";"uczelnie ogółem";"2019";8040;"osoba";"";
2400000;"ŚLĄSKIE";"stypendium rektora";"uczelnie ogółem";"2020";7719;"osoba";"";
2400000;"ŚLĄSKIE";"stypendium rektora";"uczelnie ogółem";"2021";6976;"osoba";"";
2400000;"ŚLĄSKIE";"stypendium rektora";"uczelnie ogółem";"2022";7099;"osoba";"";
2400000;"ŚLĄSKIE";"stypendium rektora";"uczelnie ogółem";"2023";7165;"osoba";"";
2400000;"ŚLĄSKIE";"stypendium rektora";"uczelnie ogółem";"2024";7260;"osoba";"";
2400000;"ŚLĄSKIE";"stypendium dla osób z niepełnosprawnościami";"uczelnie ogółem";"2019";;"osoba";"";
2400000;"ŚLĄSKIE";"stypendium dla osób z niepełnosprawnościami";"uczelnie ogółem";"2020";;"osoba";"";
2400000;"ŚLĄSKIE";"stypendium dla osób z niepełnosprawnościami";"uczelnie ogółem";"2021";;"osoba";"";
2400000;"ŚLĄSKIE";"stypendium dla osób z niepełnosprawnościami";"uczelnie ogółem";"2022";;"osoba";"";
2400000;"ŚLĄSKIE";"stypendium dla osób z niepełnosprawnościami";"uczelnie ogółem";"2023";1712;"osoba";"";
2400000;"ŚLĄSKIE";"stypendium dla osób z niepełnosprawnościami";"uczelnie ogółem";"2024";1923;"osoba";"";
2600000;"ŚWIĘTOKRZYSKIE";"stypendium socjalne";"uczelnie ogółem";"2019";3369;"osoba";"";
2600000;"ŚWIĘTOKRZYSKIE";"stypendium socjalne";"uczelnie ogółem";"2020";2644;"osoba";"";
2600000;"ŚWIĘTOKRZYSKIE";"stypendium socjalne";"uczelnie ogółem";"2021";2098;"osoba";"";
2600000;"ŚWIĘTOKRZYSKIE";"stypendium socjalne";"uczelnie ogółem";"2022";1646;"osoba";"";
2600000;"ŚWIĘTOKRZYSKIE";"stypendium socjalne";"uczelnie ogółem";"2023";1560;"osoba";"";
2600000;"ŚWIĘTOKRZYSKIE";"stypendium socjalne";"uczelnie ogółem";"2024";1592;"osoba";"";
2600000;"ŚWIĘTOKRZYSKIE";"stypendium rektora";"uczelnie ogółem";"2019";2054;"osoba";"";
2600000;"ŚWIĘTOKRZYSKIE";"stypendium rektora";"uczelnie ogółem";"2020";1959;"osoba";"";
2600000;"ŚWIĘTOKRZYSKIE";"stypendium rektora";"uczelnie ogółem";"2021";1778;"osoba";"";
2600000;"ŚWIĘTOKRZYSKIE";"stypendium rektora";"uczelnie ogółem";"2022";1769;"osoba";"";
2600000;"ŚWIĘTOKRZYSKIE";"stypendium rektora";"uczelnie ogółem";"2023";1787;"osoba";"";
2600000;"ŚWIĘTOKRZYSKIE";"stypendium rektora";"uczelnie ogółem";"2024";1759;"osoba";"";
2600000;"ŚWIĘTOKRZYSKIE";"stypendium dla osób z niepełnosprawnościami";"uczelnie ogółem";"2019";;"osoba";"";
2600000;"ŚWIĘTOKRZYSKIE";"stypendium dla osób z niepełnosprawnościami";"uczelnie ogółem";"2020";;"osoba";"";
2600000;"ŚWIĘTOKRZYSKIE";"stypendium dla osób z niepełnosprawnościami";"uczelnie ogółem";"2021";;"osoba";"";
2600000;"ŚWIĘTOKRZYSKIE";"stypendium dla osób z niepełnosprawnościami";"uczelnie ogółem";"2022";;"osoba";"";
2600000;"ŚWIĘTOKRZYSKIE";"stypendium dla osób z niepełnosprawnościami";"uczelnie ogółem";"2023";558;"osoba";"";
2600000;"ŚWIĘTOKRZYSKIE";"stypendium dla osób z niepełnosprawnościami";"uczelnie ogółem";"2024";629;"osoba";"";
2800000;"WARMIŃSKO-MAZURSKIE";"stypendium socjalne";"uczelnie ogółem";"2019";3371;"osoba";"";
2800000;"WARMIŃSKO-MAZURSKIE";"stypendium socjalne";"uczelnie ogółem";"2020";2368;"osoba";"";
2800000;"WARMIŃSKO-MAZURSKIE";"stypendium socjalne";"uczelnie ogółem";"2021";1852;"osoba";"";
2800000;"WARMIŃSKO-MAZURSKIE";"stypendium socjalne";"uczelnie ogółem";"2022";1440;"osoba";"";
2800000;"WARMIŃSKO-MAZURSKIE";"stypendium socjalne";"uczelnie ogółem";"2023";1285;"osoba";"";
2800000;"WARMIŃSKO-MAZURSKIE";"stypendium socjalne";"uczelnie ogółem";"2024";1470;"osoba";"";
2800000;"WARMIŃSKO-MAZURSKIE";"stypendium rektora";"uczelnie ogółem";"2019";1925;"osoba";"";
2800000;"WARMIŃSKO-MAZURSKIE";"stypendium rektora";"uczelnie ogółem";"2020";2078;"osoba";"";
2800000;"WARMIŃSKO-MAZURSKIE";"stypendium rektora";"uczelnie ogółem";"2021";1934;"osoba";"";
2800000;"WARMIŃSKO-MAZURSKIE";"stypendium rektora";"uczelnie ogółem";"2022";1785;"osoba";"";
2800000;"WARMIŃSKO-MAZURSKIE";"stypendium rektora";"uczelnie ogółem";"2023";1584;"osoba";"";
2800000;"WARMIŃSKO-MAZURSKIE";"stypendium rektora";"uczelnie ogółem";"2024";1434;"osoba";"";
2800000;"WARMIŃSKO-MAZURSKIE";"stypendium dla osób z niepełnosprawnościami";"uczelnie ogółem";"2019";;"osoba";"";
2800000;"WARMIŃSKO-MAZURSKIE";"stypendium dla osób z niepełnosprawnościami";"uczelnie ogółem";"2020";;"osoba";"";
2800000;"WARMIŃSKO-MAZURSKIE";"stypendium dla osób z niepełnosprawnościami";"uczelnie ogółem";"2021";;"osoba";"";
2800000;"WARMIŃSKO-MAZURSKIE";"stypendium dla osób z niepełnosprawnościami";"uczelnie ogółem";"2022";;"osoba";"";
2800000;"WARMIŃSKO-MAZURSKIE";"stypendium dla osób z niepełnosprawnościami";"uczelnie ogółem";"2023";483;"osoba";"";
2800000;"WARMIŃSKO-MAZURSKIE";"stypendium dla osób z niepełnosprawnościami";"uczelnie ogółem";"2024";513;"osoba";"";
3000000;"WIELKOPOLSKIE";"stypendium socjalne";"uczelnie ogółem";"2019";8124;"osoba";"";
3000000;"WIELKOPOLSKIE";"stypendium socjalne";"uczelnie ogółem";"2020";6023;"osoba";"";
3000000;"WIELKOPOLSKIE";"stypendium socjalne";"uczelnie ogółem";"2021";4611;"osoba";"";
3000000;"WIELKOPOLSKIE";"stypendium socjalne";"uczelnie ogółem";"2022";3825;"osoba";"";
3000000;"WIELKOPOLSKIE";"stypendium socjalne";"uczelnie ogółem";"2023";3571;"osoba";"";
3000000;"WIELKOPOLSKIE";"stypendium socjalne";"uczelnie ogółem";"2024";3645;"osoba";"";
3000000;"WIELKOPOLSKIE";"stypendium rektora";"uczelnie ogółem";"2019";9799;"osoba";"";
3000000;"WIELKOPOLSKIE";"stypendium rektora";"uczelnie ogółem";"2020";10496;"osoba";"";
3000000;"WIELKOPOLSKIE";"stypendium rektora";"uczelnie ogółem";"2021";10848;"osoba";"";
3000000;"WIELKOPOLSKIE";"stypendium rektora";"uczelnie ogółem";"2022";10092;"osoba";"";
3000000;"WIELKOPOLSKIE";"stypendium rektora";"uczelnie ogółem";"2023";10076;"osoba";"";
3000000;"WIELKOPOLSKIE";"stypendium rektora";"uczelnie ogółem";"2024";10724;"osoba";"";
3000000;"WIELKOPOLSKIE";"stypendium dla osób z niepełnosprawnościami";"uczelnie ogółem";"2019";;"osoba";"";
3000000;"WIELKOPOLSKIE";"stypendium dla osób z niepełnosprawnościami";"uczelnie ogółem";"2020";;"osoba";"";
3000000;"WIELKOPOLSKIE";"stypendium dla osób z niepełnosprawnościami";"uczelnie ogółem";"2021";;"osoba";"";
3000000;"WIELKOPOLSKIE";"stypendium dla osób z niepełnosprawnościami";"uczelnie ogółem";"2022";;"osoba";"";
3000000;"WIELKOPOLSKIE";"stypendium dla osób z niepełnosprawnościami";"uczelnie ogółem";"2023";1719;"osoba";"";
3000000;"WIELKOPOLSKIE";"stypendium dla osób z niepełnosprawnościami";"uczelnie ogółem";"2024";1923;"osoba";"";
3200000;"ZACHODNIOPOMORSKIE";"stypendium socjalne";"uczelnie ogółem";"2019";2205;"osoba";"";
3200000;"ZACHODNIOPOMORSKIE";"stypendium socjalne";"uczelnie ogółem";"2020";1497;"osoba";"";
3200000;"ZACHODNIOPOMORSKIE";"stypendium socjalne";"uczelnie ogółem";"2021";1180;"osoba";"";
3200000;"ZACHODNIOPOMORSKIE";"stypendium socjalne";"uczelnie ogółem";"2022";964;"osoba";"";
3200000;"ZACHODNIOPOMORSKIE";"stypendium socjalne";"uczelnie ogółem";"2023";1009;"osoba";"";
3200000;"ZACHODNIOPOMORSKIE";"stypendium socjalne";"uczelnie ogółem";"2024";1061;"osoba";"";
3200000;"ZACHODNIOPOMORSKIE";"stypendium rektora";"uczelnie ogółem";"2019";3112;"osoba";"";
3200000;"ZACHODNIOPOMORSKIE";"stypendium rektora";"uczelnie ogółem";"2020";2979;"osoba";"";
3200000;"ZACHODNIOPOMORSKIE";"stypendium rektora";"uczelnie ogółem";"2021";3184;"osoba";"";
3200000;"ZACHODNIOPOMORSKIE";"stypendium rektora";"uczelnie ogółem";"2022";2851;"osoba";"";
3200000;"ZACHODNIOPOMORSKIE";"stypendium rektora";"uczelnie ogółem";"2023";3017;"osoba";"";
3200000;"ZACHODNIOPOMORSKIE";"stypendium rektora";"uczelnie ogółem";"2024";3046;"osoba";"";
3200000;"ZACHODNIOPOMORSKIE";"stypendium dla osób z niepełnosprawnościami";"uczelnie ogółem";"2019";;"osoba";"";
3200000;"ZACHODNIOPOMORSKIE";"stypendium dla osób z niepełnosprawnościami";"uczelnie ogółem";"2020";;"osoba";"";
3200000;"ZACHODNIOPOMORSKIE";"stypendium dla osób z niepełnosprawnościami";"uczelnie ogółem";"2021";;"osoba";"";
3200000;"ZACHODNIOPOMORSKIE";"stypendium dla osób z niepełnosprawnościami";"uczelnie ogółem";"2022";;"osoba";"";
3200000;"ZACHODNIOPOMORSKIE";"stypendium dla osób z niepełnosprawnościami";"uczelnie ogółem";"2023";396;"osoba";"";
3200000;"ZACHODNIOPOMORSKIE";"stypendium dla osób z niepełnosprawnościami";"uczelnie ogółem";"2024";453;"osoba";"";
